id	window	forward_repeat_number	reverse_repeat_number	telomeric_repeat
chr1	500000	0	415	AACCCT
chr1	1000000	0	0	AACCCT
chr1	1500000	0	0	AACCCT
chr1	2000000	0	0	AACCCT
chr1	2500000	0	0	AACCCT
chr1	3000000	0	0	AACCCT
chr1	3500000	0	0	AACCCT
chr1	4000000	0	0	AACCCT
chr1	4500000	0	0	AACCCT
chr1	5000000	0	0	AACCCT
chr1	5500000	0	0	AACCCT
chr1	6000000	0	0	AACCCT
chr1	6500000	0	0	AACCCT
chr1	7000000	0	0	AACCCT
chr1	7500000	0	0	AACCCT
chr1	8000000	0	0	AACCCT
chr1	8500000	0	0	AACCCT
chr1	9000000	0	0	AACCCT
chr1	9500000	0	0	AACCCT
chr1	10000000	0	0	AACCCT
chr1	10500000	0	0	AACCCT
chr1	11000000	0	0	AACCCT
chr1	11500000	0	0	AACCCT
chr1	12000000	0	0	AACCCT
chr1	12500000	0	0	AACCCT
chr1	13000000	0	0	AACCCT
chr1	13500000	0	0	AACCCT
chr1	14000000	0	0	AACCCT
chr1	14500000	0	0	AACCCT
chr1	15000000	0	0	AACCCT
chr1	15500000	0	0	AACCCT
chr1	16000000	0	0	AACCCT
chr1	16500000	0	0	AACCCT
chr1	17000000	0	0	AACCCT
chr1	17500000	0	0	AACCCT
chr1	18000000	0	0	AACCCT
chr1	18500000	0	0	AACCCT
chr1	19000000	0	0	AACCCT
chr1	19500000	0	0	AACCCT
chr1	20000000	0	0	AACCCT
chr1	20500000	0	0	AACCCT
chr1	21000000	0	0	AACCCT
chr1	21500000	0	0	AACCCT
chr1	22000000	0	0	AACCCT
chr1	22500000	0	0	AACCCT
chr1	23000000	0	0	AACCCT
chr1	23500000	0	0	AACCCT
chr1	24000000	0	0	AACCCT
chr1	24500000	0	0	AACCCT
chr1	25000000	0	0	AACCCT
chr1	25500000	0	0	AACCCT
chr1	26000000	0	0	AACCCT
chr1	26500000	0	0	AACCCT
chr1	27000000	0	0	AACCCT
chr1	27500000	0	0	AACCCT
chr1	28000000	0	0	AACCCT
chr1	28500000	0	0	AACCCT
chr1	29000000	0	0	AACCCT
chr1	29500000	0	0	AACCCT
chr1	30000000	0	0	AACCCT
chr1	30500000	0	0	AACCCT
chr1	31000000	0	0	AACCCT
chr1	31500000	0	0	AACCCT
chr1	32000000	0	0	AACCCT
chr1	32500000	0	0	AACCCT
chr1	33000000	0	0	AACCCT
chr1	33500000	0	0	AACCCT
chr1	34000000	0	0	AACCCT
chr1	34500000	0	0	AACCCT
chr1	35000000	0	0	AACCCT
chr1	35500000	0	0	AACCCT
chr1	36000000	0	0	AACCCT
chr1	36500000	0	0	AACCCT
chr1	37000000	0	0	AACCCT
chr1	37500000	0	0	AACCCT
chr1	38000000	0	0	AACCCT
chr1	38500000	0	0	AACCCT
chr1	39000000	0	0	AACCCT
chr1	39500000	0	0	AACCCT
chr1	40000000	0	0	AACCCT
chr1	40500000	0	0	AACCCT
chr1	41000000	0	0	AACCCT
chr1	41500000	0	0	AACCCT
chr1	42000000	0	0	AACCCT
chr1	42500000	0	0	AACCCT
chr1	43000000	0	0	AACCCT
chr1	43500000	0	0	AACCCT
chr1	44000000	0	0	AACCCT
chr1	44500000	0	0	AACCCT
chr1	45000000	0	0	AACCCT
chr1	45500000	0	0	AACCCT
chr1	46000000	0	0	AACCCT
chr1	46500000	0	0	AACCCT
chr1	47000000	0	0	AACCCT
chr1	47500000	0	0	AACCCT
chr1	48000000	0	0	AACCCT
chr1	48500000	0	0	AACCCT
chr1	49000000	0	0	AACCCT
chr1	49500000	0	0	AACCCT
chr1	50000000	0	0	AACCCT
chr1	50500000	0	0	AACCCT
chr1	51000000	0	0	AACCCT
chr1	51500000	0	0	AACCCT
chr1	52000000	0	0	AACCCT
chr1	52500000	0	0	AACCCT
chr1	53000000	0	0	AACCCT
chr1	53500000	0	0	AACCCT
chr1	54000000	0	0	AACCCT
chr1	54500000	0	0	AACCCT
chr1	55000000	0	0	AACCCT
chr1	55500000	0	0	AACCCT
chr1	56000000	0	0	AACCCT
chr1	56500000	0	0	AACCCT
chr1	57000000	0	0	AACCCT
chr1	57500000	0	0	AACCCT
chr1	58000000	0	0	AACCCT
chr1	58500000	0	0	AACCCT
chr1	59000000	0	0	AACCCT
chr1	59500000	0	0	AACCCT
chr1	60000000	0	0	AACCCT
chr1	60500000	0	0	AACCCT
chr1	61000000	0	0	AACCCT
chr1	61500000	0	0	AACCCT
chr1	62000000	0	0	AACCCT
chr1	62500000	0	0	AACCCT
chr1	63000000	0	0	AACCCT
chr1	63500000	0	0	AACCCT
chr1	64000000	0	0	AACCCT
chr1	64500000	0	0	AACCCT
chr1	65000000	0	0	AACCCT
chr1	65500000	0	0	AACCCT
chr1	66000000	0	0	AACCCT
chr1	66500000	0	0	AACCCT
chr1	67000000	0	0	AACCCT
chr1	67500000	0	0	AACCCT
chr1	68000000	0	0	AACCCT
chr1	68500000	0	0	AACCCT
chr1	69000000	0	0	AACCCT
chr1	69500000	0	0	AACCCT
chr1	70000000	0	0	AACCCT
chr1	70500000	0	0	AACCCT
chr1	71000000	0	0	AACCCT
chr1	71500000	0	0	AACCCT
chr1	72000000	0	0	AACCCT
chr1	72500000	0	0	AACCCT
chr1	73000000	0	0	AACCCT
chr1	73500000	0	0	AACCCT
chr1	74000000	0	0	AACCCT
chr1	74500000	0	0	AACCCT
chr1	75000000	0	0	AACCCT
chr1	75500000	0	0	AACCCT
chr1	76000000	0	0	AACCCT
chr1	76500000	0	0	AACCCT
chr1	77000000	0	0	AACCCT
chr1	77500000	0	0	AACCCT
chr1	78000000	0	0	AACCCT
chr1	78500000	0	0	AACCCT
chr1	79000000	0	0	AACCCT
chr1	79500000	0	0	AACCCT
chr1	80000000	0	0	AACCCT
chr1	80500000	0	0	AACCCT
chr1	81000000	0	0	AACCCT
chr1	81500000	0	0	AACCCT
chr1	82000000	0	0	AACCCT
chr1	82500000	0	0	AACCCT
chr1	83000000	0	0	AACCCT
chr1	83500000	0	0	AACCCT
chr1	84000000	0	0	AACCCT
chr1	84500000	0	0	AACCCT
chr1	85000000	0	0	AACCCT
chr1	85500000	0	0	AACCCT
chr1	86000000	0	0	AACCCT
chr1	86500000	0	0	AACCCT
chr1	87000000	0	0	AACCCT
chr1	87500000	0	0	AACCCT
chr1	88000000	0	0	AACCCT
chr1	88500000	0	0	AACCCT
chr1	89000000	0	0	AACCCT
chr1	89500000	0	0	AACCCT
chr1	90000000	0	0	AACCCT
chr1	90500000	0	0	AACCCT
chr1	91000000	0	0	AACCCT
chr1	91500000	0	0	AACCCT
chr1	92000000	0	0	AACCCT
chr1	92500000	0	0	AACCCT
chr1	93000000	0	0	AACCCT
chr1	93500000	0	0	AACCCT
chr1	94000000	0	0	AACCCT
chr1	94500000	0	0	AACCCT
chr1	95000000	0	0	AACCCT
chr1	95500000	0	0	AACCCT
chr1	96000000	0	0	AACCCT
chr1	96500000	0	0	AACCCT
chr1	97000000	0	0	AACCCT
chr1	97500000	0	0	AACCCT
chr1	98000000	0	0	AACCCT
chr1	98500000	0	0	AACCCT
chr1	99000000	0	0	AACCCT
chr1	99500000	0	0	AACCCT
chr1	100000000	0	0	AACCCT
chr1	100500000	0	0	AACCCT
chr1	101000000	0	0	AACCCT
chr1	101500000	0	0	AACCCT
chr1	102000000	0	0	AACCCT
chr1	102500000	0	0	AACCCT
chr1	103000000	0	0	AACCCT
chr1	103500000	0	0	AACCCT
chr1	104000000	0	0	AACCCT
chr1	104500000	0	0	AACCCT
chr1	105000000	0	0	AACCCT
chr1	105500000	0	0	AACCCT
chr1	106000000	0	0	AACCCT
chr1	106500000	0	0	AACCCT
chr1	107000000	0	0	AACCCT
chr1	107500000	0	0	AACCCT
chr1	108000000	0	0	AACCCT
chr1	108500000	0	0	AACCCT
chr1	109000000	0	0	AACCCT
chr1	109500000	0	0	AACCCT
chr1	110000000	0	0	AACCCT
chr1	110500000	0	0	AACCCT
chr1	111000000	0	0	AACCCT
chr1	111500000	0	0	AACCCT
chr1	112000000	0	0	AACCCT
chr1	112500000	0	0	AACCCT
chr1	113000000	0	0	AACCCT
chr1	113500000	0	0	AACCCT
chr1	114000000	0	0	AACCCT
chr1	114500000	0	0	AACCCT
chr1	115000000	0	0	AACCCT
chr1	115500000	0	0	AACCCT
chr1	116000000	0	0	AACCCT
chr1	116500000	0	0	AACCCT
chr1	117000000	0	0	AACCCT
chr1	117500000	0	0	AACCCT
chr1	118000000	0	0	AACCCT
chr1	118500000	0	0	AACCCT
chr1	119000000	0	0	AACCCT
chr1	119500000	0	0	AACCCT
chr1	120000000	0	0	AACCCT
chr1	120500000	0	0	AACCCT
chr1	121000000	0	0	AACCCT
chr1	121500000	0	0	AACCCT
chr1	122000000	0	0	AACCCT
chr1	122500000	0	0	AACCCT
chr1	123000000	0	0	AACCCT
chr1	123500000	0	0	AACCCT
chr1	124000000	0	0	AACCCT
chr1	124500000	0	0	AACCCT
chr1	125000000	0	0	AACCCT
chr1	125500000	0	0	AACCCT
chr1	126000000	0	0	AACCCT
chr1	126500000	0	0	AACCCT
chr1	127000000	0	0	AACCCT
chr1	127500000	0	0	AACCCT
chr1	128000000	0	0	AACCCT
chr1	128500000	0	0	AACCCT
chr1	129000000	0	0	AACCCT
chr1	129500000	0	0	AACCCT
chr1	130000000	0	0	AACCCT
chr1	130500000	0	0	AACCCT
chr1	131000000	0	0	AACCCT
chr1	131500000	0	0	AACCCT
chr1	132000000	0	0	AACCCT
chr1	132500000	0	0	AACCCT
chr1	133000000	0	0	AACCCT
chr1	133500000	0	0	AACCCT
chr1	134000000	0	0	AACCCT
chr1	134500000	0	0	AACCCT
chr1	135000000	0	0	AACCCT
chr1	135500000	0	0	AACCCT
chr1	136000000	0	0	AACCCT
chr1	136500000	0	0	AACCCT
chr1	137000000	0	0	AACCCT
chr1	137500000	0	0	AACCCT
chr1	138000000	0	0	AACCCT
chr1	138500000	0	0	AACCCT
chr1	139000000	0	0	AACCCT
chr1	139500000	0	0	AACCCT
chr1	140000000	0	0	AACCCT
chr1	140500000	0	0	AACCCT
chr1	141000000	0	0	AACCCT
chr1	141500000	0	0	AACCCT
chr1	142000000	0	0	AACCCT
chr1	142500000	0	0	AACCCT
chr1	143000000	0	0	AACCCT
chr1	143500000	0	0	AACCCT
chr1	144000000	0	0	AACCCT
chr1	144500000	0	0	AACCCT
chr1	145000000	0	0	AACCCT
chr1	145500000	0	0	AACCCT
chr1	146000000	0	0	AACCCT
chr1	146500000	0	0	AACCCT
chr1	147000000	0	0	AACCCT
chr1	147500000	0	0	AACCCT
chr1	148000000	0	0	AACCCT
chr1	148500000	0	0	AACCCT
chr1	149000000	0	0	AACCCT
chr1	149500000	0	0	AACCCT
chr1	150000000	0	0	AACCCT
chr1	150500000	0	0	AACCCT
chr1	151000000	0	0	AACCCT
chr1	151500000	0	0	AACCCT
chr1	152000000	0	0	AACCCT
chr1	152500000	0	0	AACCCT
chr1	153000000	0	0	AACCCT
chr1	153500000	0	0	AACCCT
chr1	154000000	0	0	AACCCT
chr1	154500000	0	0	AACCCT
chr1	155000000	0	0	AACCCT
chr1	155500000	0	0	AACCCT
chr1	156000000	0	0	AACCCT
chr1	156500000	0	0	AACCCT
chr1	157000000	0	0	AACCCT
chr1	157500000	0	0	AACCCT
chr1	158000000	0	0	AACCCT
chr1	158500000	0	0	AACCCT
chr1	159000000	0	0	AACCCT
chr1	159500000	0	0	AACCCT
chr1	160000000	0	0	AACCCT
chr1	160500000	0	0	AACCCT
chr1	161000000	0	0	AACCCT
chr1	161500000	0	0	AACCCT
chr1	162000000	0	0	AACCCT
chr1	162500000	0	0	AACCCT
chr1	163000000	0	0	AACCCT
chr1	163500000	0	0	AACCCT
chr1	164000000	0	0	AACCCT
chr1	164500000	0	0	AACCCT
chr1	165000000	0	0	AACCCT
chr1	165500000	0	0	AACCCT
chr1	166000000	0	0	AACCCT
chr1	166500000	0	0	AACCCT
chr1	167000000	0	0	AACCCT
chr1	167500000	0	0	AACCCT
chr1	168000000	0	0	AACCCT
chr1	168500000	0	0	AACCCT
chr1	169000000	0	0	AACCCT
chr1	169500000	0	0	AACCCT
chr1	170000000	0	0	AACCCT
chr1	170500000	0	0	AACCCT
chr1	171000000	0	0	AACCCT
chr1	171500000	0	0	AACCCT
chr1	172000000	0	0	AACCCT
chr1	172500000	0	0	AACCCT
chr1	173000000	0	0	AACCCT
chr1	173500000	0	0	AACCCT
chr1	174000000	0	0	AACCCT
chr1	174500000	0	0	AACCCT
chr1	175000000	0	0	AACCCT
chr1	175500000	0	0	AACCCT
chr1	176000000	0	0	AACCCT
chr1	176500000	0	0	AACCCT
chr1	177000000	0	0	AACCCT
chr1	177500000	0	0	AACCCT
chr1	178000000	0	0	AACCCT
chr1	178500000	0	0	AACCCT
chr1	179000000	0	0	AACCCT
chr1	179500000	0	0	AACCCT
chr1	180000000	0	0	AACCCT
chr1	180500000	0	0	AACCCT
chr1	181000000	0	0	AACCCT
chr1	181500000	0	0	AACCCT
chr1	182000000	0	0	AACCCT
chr1	182500000	0	0	AACCCT
chr1	183000000	0	0	AACCCT
chr1	183500000	0	0	AACCCT
chr1	184000000	0	0	AACCCT
chr1	184500000	0	0	AACCCT
chr1	185000000	0	0	AACCCT
chr1	185500000	0	0	AACCCT
chr1	186000000	0	0	AACCCT
chr1	186500000	0	0	AACCCT
chr1	187000000	0	0	AACCCT
chr1	187500000	0	0	AACCCT
chr1	188000000	0	0	AACCCT
chr1	188500000	0	0	AACCCT
chr1	189000000	0	0	AACCCT
chr1	189500000	0	0	AACCCT
chr1	190000000	0	0	AACCCT
chr1	190500000	0	0	AACCCT
chr1	191000000	0	0	AACCCT
chr1	191500000	0	0	AACCCT
chr1	192000000	0	0	AACCCT
chr1	192500000	0	0	AACCCT
chr1	193000000	0	0	AACCCT
chr1	193500000	0	0	AACCCT
chr1	194000000	0	0	AACCCT
chr1	194500000	0	0	AACCCT
chr1	195000000	402	0	AACCCT
chr2	500000	0	415	AACCCT
chr2	1000000	0	0	AACCCT
chr2	1500000	0	0	AACCCT
chr2	2000000	0	0	AACCCT
chr2	2500000	0	0	AACCCT
chr2	3000000	0	0	AACCCT
chr2	3500000	0	0	AACCCT
chr2	4000000	0	0	AACCCT
chr2	4500000	0	0	AACCCT
chr2	5000000	0	0	AACCCT
chr2	5500000	0	0	AACCCT
chr2	6000000	0	0	AACCCT
chr2	6500000	0	0	AACCCT
chr2	7000000	0	0	AACCCT
chr2	7500000	0	0	AACCCT
chr2	8000000	0	0	AACCCT
chr2	8500000	0	0	AACCCT
chr2	9000000	0	0	AACCCT
chr2	9500000	0	0	AACCCT
chr2	10000000	0	0	AACCCT
chr2	10500000	0	0	AACCCT
chr2	11000000	0	0	AACCCT
chr2	11500000	0	0	AACCCT
chr2	12000000	0	0	AACCCT
chr2	12500000	0	0	AACCCT
chr2	13000000	0	0	AACCCT
chr2	13500000	0	0	AACCCT
chr2	14000000	0	0	AACCCT
chr2	14500000	0	0	AACCCT
chr2	15000000	0	0	AACCCT
chr2	15500000	0	0	AACCCT
chr2	16000000	0	0	AACCCT
chr2	16500000	0	0	AACCCT
chr2	17000000	0	0	AACCCT
chr2	17500000	0	0	AACCCT
chr2	18000000	0	0	AACCCT
chr2	18500000	0	0	AACCCT
chr2	19000000	0	0	AACCCT
chr2	19500000	0	0	AACCCT
chr2	20000000	0	0	AACCCT
chr2	20500000	0	0	AACCCT
chr2	21000000	0	0	AACCCT
chr2	21500000	0	0	AACCCT
chr2	22000000	0	0	AACCCT
chr2	22500000	0	0	AACCCT
chr2	23000000	0	0	AACCCT
chr2	23500000	0	0	AACCCT
chr2	24000000	0	0	AACCCT
chr2	24500000	0	0	AACCCT
chr2	25000000	0	0	AACCCT
chr2	25500000	0	0	AACCCT
chr2	26000000	0	0	AACCCT
chr2	26500000	0	0	AACCCT
chr2	27000000	0	0	AACCCT
chr2	27500000	0	0	AACCCT
chr2	28000000	0	0	AACCCT
chr2	28500000	0	0	AACCCT
chr2	29000000	0	0	AACCCT
chr2	29500000	0	0	AACCCT
chr2	30000000	0	0	AACCCT
chr2	30500000	0	0	AACCCT
chr2	31000000	0	0	AACCCT
chr2	31500000	0	0	AACCCT
chr2	32000000	0	0	AACCCT
chr2	32500000	0	0	AACCCT
chr2	33000000	0	0	AACCCT
chr2	33500000	0	0	AACCCT
chr2	34000000	0	0	AACCCT
chr2	34500000	0	0	AACCCT
chr2	35000000	0	0	AACCCT
chr2	35500000	0	0	AACCCT
chr2	36000000	0	0	AACCCT
chr2	36500000	0	0	AACCCT
chr2	37000000	0	0	AACCCT
chr2	37500000	0	0	AACCCT
chr2	38000000	0	0	AACCCT
chr2	38500000	0	0	AACCCT
chr2	39000000	0	0	AACCCT
chr2	39500000	0	0	AACCCT
chr2	40000000	0	0	AACCCT
chr2	40500000	0	0	AACCCT
chr2	41000000	0	0	AACCCT
chr2	41500000	0	0	AACCCT
chr2	42000000	0	0	AACCCT
chr2	42500000	0	0	AACCCT
chr2	43000000	0	0	AACCCT
chr2	43500000	0	0	AACCCT
chr2	44000000	0	0	AACCCT
chr2	44500000	0	0	AACCCT
chr2	45000000	0	0	AACCCT
chr2	45500000	0	0	AACCCT
chr2	46000000	0	0	AACCCT
chr2	46500000	0	0	AACCCT
chr2	47000000	0	0	AACCCT
chr2	47500000	0	0	AACCCT
chr2	48000000	0	0	AACCCT
chr2	48500000	0	0	AACCCT
chr2	49000000	0	0	AACCCT
chr2	49500000	0	0	AACCCT
chr2	50000000	0	0	AACCCT
chr2	50500000	0	0	AACCCT
chr2	51000000	0	0	AACCCT
chr2	51500000	0	0	AACCCT
chr2	52000000	0	0	AACCCT
chr2	52500000	0	0	AACCCT
chr2	53000000	0	0	AACCCT
chr2	53500000	0	0	AACCCT
chr2	54000000	0	0	AACCCT
chr2	54500000	0	0	AACCCT
chr2	55000000	0	0	AACCCT
chr2	55500000	0	0	AACCCT
chr2	56000000	0	0	AACCCT
chr2	56500000	0	0	AACCCT
chr2	57000000	0	0	AACCCT
chr2	57500000	0	0	AACCCT
chr2	58000000	0	0	AACCCT
chr2	58500000	0	0	AACCCT
chr2	59000000	0	0	AACCCT
chr2	59500000	0	0	AACCCT
chr2	60000000	0	0	AACCCT
chr2	60500000	0	0	AACCCT
chr2	61000000	0	0	AACCCT
chr2	61500000	0	0	AACCCT
chr2	62000000	0	0	AACCCT
chr2	62500000	0	0	AACCCT
chr2	63000000	0	0	AACCCT
chr2	63500000	0	0	AACCCT
chr2	64000000	0	0	AACCCT
chr2	64500000	0	0	AACCCT
chr2	65000000	0	0	AACCCT
chr2	65500000	0	0	AACCCT
chr2	66000000	0	0	AACCCT
chr2	66500000	0	0	AACCCT
chr2	67000000	0	0	AACCCT
chr2	67500000	0	0	AACCCT
chr2	68000000	0	0	AACCCT
chr2	68500000	0	0	AACCCT
chr2	69000000	0	0	AACCCT
chr2	69500000	0	0	AACCCT
chr2	70000000	0	0	AACCCT
chr2	70500000	0	0	AACCCT
chr2	71000000	0	0	AACCCT
chr2	71500000	0	0	AACCCT
chr2	72000000	0	0	AACCCT
chr2	72500000	0	0	AACCCT
chr2	73000000	0	0	AACCCT
chr2	73500000	0	0	AACCCT
chr2	74000000	0	0	AACCCT
chr2	74500000	0	0	AACCCT
chr2	75000000	0	0	AACCCT
chr2	75500000	0	0	AACCCT
chr2	76000000	0	0	AACCCT
chr2	76500000	0	0	AACCCT
chr2	77000000	0	0	AACCCT
chr2	77500000	0	0	AACCCT
chr2	78000000	0	0	AACCCT
chr2	78500000	0	0	AACCCT
chr2	79000000	0	0	AACCCT
chr2	79500000	0	0	AACCCT
chr2	80000000	0	0	AACCCT
chr2	80500000	0	0	AACCCT
chr2	81000000	0	0	AACCCT
chr2	81500000	0	0	AACCCT
chr2	82000000	0	0	AACCCT
chr2	82500000	0	0	AACCCT
chr2	83000000	0	0	AACCCT
chr2	83500000	0	0	AACCCT
chr2	84000000	0	0	AACCCT
chr2	84500000	0	0	AACCCT
chr2	85000000	0	0	AACCCT
chr2	85500000	0	0	AACCCT
chr2	86000000	0	0	AACCCT
chr2	86500000	0	0	AACCCT
chr2	87000000	0	0	AACCCT
chr2	87500000	0	0	AACCCT
chr2	88000000	0	0	AACCCT
chr2	88500000	0	0	AACCCT
chr2	89000000	0	0	AACCCT
chr2	89500000	0	0	AACCCT
chr2	90000000	0	0	AACCCT
chr2	90500000	0	0	AACCCT
chr2	91000000	0	0	AACCCT
chr2	91500000	0	0	AACCCT
chr2	92000000	0	0	AACCCT
chr2	92500000	0	0	AACCCT
chr2	93000000	0	0	AACCCT
chr2	93500000	0	0	AACCCT
chr2	94000000	0	0	AACCCT
chr2	94500000	0	0	AACCCT
chr2	95000000	0	0	AACCCT
chr2	95500000	0	0	AACCCT
chr2	96000000	0	0	AACCCT
chr2	96500000	0	0	AACCCT
chr2	97000000	0	0	AACCCT
chr2	97500000	0	0	AACCCT
chr2	98000000	0	0	AACCCT
chr2	98500000	0	0	AACCCT
chr2	99000000	0	0	AACCCT
chr2	99500000	0	0	AACCCT
chr2	100000000	0	0	AACCCT
chr2	100500000	0	0	AACCCT
chr2	101000000	0	0	AACCCT
chr2	101500000	0	0	AACCCT
chr2	102000000	0	0	AACCCT
chr2	102500000	0	0	AACCCT
chr2	103000000	0	0	AACCCT
chr2	103500000	0	0	AACCCT
chr2	104000000	0	0	AACCCT
chr2	104500000	0	0	AACCCT
chr2	105000000	0	0	AACCCT
chr2	105500000	0	0	AACCCT
chr2	106000000	0	0	AACCCT
chr2	106500000	0	0	AACCCT
chr2	107000000	0	0	AACCCT
chr2	107500000	0	0	AACCCT
chr2	108000000	0	0	AACCCT
chr2	108500000	0	0	AACCCT
chr2	109000000	0	0	AACCCT
chr2	109500000	0	0	AACCCT
chr2	110000000	0	0	AACCCT
chr2	110500000	0	0	AACCCT
chr2	111000000	0	0	AACCCT
chr2	111500000	0	0	AACCCT
chr2	112000000	0	0	AACCCT
chr2	112500000	0	0	AACCCT
chr2	113000000	0	0	AACCCT
chr2	113500000	0	0	AACCCT
chr2	114000000	0	0	AACCCT
chr2	114500000	0	0	AACCCT
chr2	115000000	0	0	AACCCT
chr2	115500000	0	0	AACCCT
chr2	116000000	0	0	AACCCT
chr2	116500000	0	0	AACCCT
chr2	117000000	0	0	AACCCT
chr2	117500000	0	0	AACCCT
chr2	118000000	0	0	AACCCT
chr2	118500000	0	0	AACCCT
chr2	119000000	0	0	AACCCT
chr2	119500000	0	0	AACCCT
chr2	120000000	0	0	AACCCT
chr2	120500000	0	0	AACCCT
chr2	121000000	0	0	AACCCT
chr2	121500000	0	0	AACCCT
chr2	122000000	0	0	AACCCT
chr2	122500000	0	0	AACCCT
chr2	123000000	0	0	AACCCT
chr2	123500000	0	0	AACCCT
chr2	124000000	0	0	AACCCT
chr2	124500000	0	0	AACCCT
chr2	125000000	0	0	AACCCT
chr2	125500000	0	0	AACCCT
chr2	126000000	0	0	AACCCT
chr2	126500000	0	0	AACCCT
chr2	127000000	0	0	AACCCT
chr2	127500000	0	0	AACCCT
chr2	128000000	0	0	AACCCT
chr2	128500000	0	0	AACCCT
chr2	129000000	0	0	AACCCT
chr2	129500000	0	0	AACCCT
chr2	130000000	0	0	AACCCT
chr2	130500000	0	0	AACCCT
chr2	131000000	0	0	AACCCT
chr2	131500000	0	0	AACCCT
chr2	132000000	0	0	AACCCT
chr2	132500000	0	0	AACCCT
chr2	133000000	0	0	AACCCT
chr2	133500000	0	0	AACCCT
chr2	134000000	0	0	AACCCT
chr2	134500000	0	0	AACCCT
chr2	135000000	0	0	AACCCT
chr2	135500000	0	0	AACCCT
chr2	136000000	0	0	AACCCT
chr2	136500000	0	0	AACCCT
chr2	137000000	0	0	AACCCT
chr2	137500000	0	0	AACCCT
chr2	138000000	0	0	AACCCT
chr2	138500000	0	0	AACCCT
chr2	139000000	0	0	AACCCT
chr2	139500000	0	0	AACCCT
chr2	140000000	0	0	AACCCT
chr2	140500000	0	0	AACCCT
chr2	141000000	0	0	AACCCT
chr2	141500000	0	0	AACCCT
chr2	142000000	0	0	AACCCT
chr2	142500000	0	0	AACCCT
chr2	143000000	0	0	AACCCT
chr2	143500000	0	0	AACCCT
chr2	144000000	0	0	AACCCT
chr2	144500000	0	0	AACCCT
chr2	145000000	0	0	AACCCT
chr2	145500000	0	0	AACCCT
chr2	146000000	0	0	AACCCT
chr2	146500000	0	0	AACCCT
chr2	147000000	0	0	AACCCT
chr2	147500000	0	0	AACCCT
chr2	148000000	0	0	AACCCT
chr2	148500000	0	0	AACCCT
chr2	149000000	0	0	AACCCT
chr2	149500000	0	0	AACCCT
chr2	150000000	0	0	AACCCT
chr2	150500000	0	0	AACCCT
chr2	151000000	0	0	AACCCT
chr2	151500000	0	0	AACCCT
chr2	152000000	402	0	AACCCT
chr3	500000	0	415	AACCCT
chr3	1000000	0	0	AACCCT
chr3	1500000	0	0	AACCCT
chr3	2000000	0	0	AACCCT
chr3	2500000	0	0	AACCCT
chr3	3000000	0	0	AACCCT
chr3	3500000	0	0	AACCCT
chr3	4000000	0	0	AACCCT
chr3	4500000	0	0	AACCCT
chr3	5000000	0	0	AACCCT
chr3	5500000	0	0	AACCCT
chr3	6000000	0	0	AACCCT
chr3	6500000	0	0	AACCCT
chr3	7000000	0	0	AACCCT
chr3	7500000	0	0	AACCCT
chr3	8000000	0	0	AACCCT
chr3	8500000	0	0	AACCCT
chr3	9000000	0	0	AACCCT
chr3	9500000	0	0	AACCCT
chr3	10000000	0	0	AACCCT
chr3	10500000	0	0	AACCCT
chr3	11000000	0	0	AACCCT
chr3	11500000	0	0	AACCCT
chr3	12000000	0	0	AACCCT
chr3	12500000	0	0	AACCCT
chr3	13000000	0	0	AACCCT
chr3	13500000	0	0	AACCCT
chr3	14000000	0	0	AACCCT
chr3	14500000	0	0	AACCCT
chr3	15000000	0	0	AACCCT
chr3	15500000	0	0	AACCCT
chr3	16000000	0	0	AACCCT
chr3	16500000	0	0	AACCCT
chr3	17000000	0	0	AACCCT
chr3	17500000	0	0	AACCCT
chr3	18000000	0	0	AACCCT
chr3	18500000	0	0	AACCCT
chr3	19000000	0	0	AACCCT
chr3	19500000	0	0	AACCCT
chr3	20000000	0	0	AACCCT
chr3	20500000	0	0	AACCCT
chr3	21000000	0	0	AACCCT
chr3	21500000	0	0	AACCCT
chr3	22000000	0	0	AACCCT
chr3	22500000	0	0	AACCCT
chr3	23000000	0	0	AACCCT
chr3	23500000	0	0	AACCCT
chr3	24000000	0	0	AACCCT
chr3	24500000	0	0	AACCCT
chr3	25000000	0	0	AACCCT
chr3	25500000	0	0	AACCCT
chr3	26000000	0	0	AACCCT
chr3	26500000	0	0	AACCCT
chr3	27000000	0	0	AACCCT
chr3	27500000	0	0	AACCCT
chr3	28000000	0	0	AACCCT
chr3	28500000	0	0	AACCCT
chr3	29000000	0	0	AACCCT
chr3	29500000	0	0	AACCCT
chr3	30000000	0	0	AACCCT
chr3	30500000	0	0	AACCCT
chr3	31000000	0	0	AACCCT
chr3	31500000	0	0	AACCCT
chr3	32000000	0	0	AACCCT
chr3	32500000	0	0	AACCCT
chr3	33000000	0	0	AACCCT
chr3	33500000	0	0	AACCCT
chr3	34000000	0	0	AACCCT
chr3	34500000	0	0	AACCCT
chr3	35000000	0	0	AACCCT
chr3	35500000	0	0	AACCCT
chr3	36000000	0	0	AACCCT
chr3	36500000	0	0	AACCCT
chr3	37000000	0	0	AACCCT
chr3	37500000	0	0	AACCCT
chr3	38000000	0	0	AACCCT
chr3	38500000	0	0	AACCCT
chr3	39000000	0	0	AACCCT
chr3	39500000	0	0	AACCCT
chr3	40000000	0	0	AACCCT
chr3	40500000	0	0	AACCCT
chr3	41000000	0	0	AACCCT
chr3	41500000	0	0	AACCCT
chr3	42000000	0	0	AACCCT
chr3	42500000	0	0	AACCCT
chr3	43000000	0	0	AACCCT
chr3	43500000	0	0	AACCCT
chr3	44000000	0	0	AACCCT
chr3	44500000	0	0	AACCCT
chr3	45000000	0	0	AACCCT
chr3	45500000	0	0	AACCCT
chr3	46000000	0	0	AACCCT
chr3	46500000	0	0	AACCCT
chr3	47000000	0	0	AACCCT
chr3	47500000	0	0	AACCCT
chr3	48000000	0	0	AACCCT
chr3	48500000	0	0	AACCCT
chr3	49000000	0	0	AACCCT
chr3	49500000	0	0	AACCCT
chr3	50000000	0	0	AACCCT
chr3	50500000	0	0	AACCCT
chr3	51000000	0	0	AACCCT
chr3	51500000	0	0	AACCCT
chr3	52000000	0	0	AACCCT
chr3	52500000	0	0	AACCCT
chr3	53000000	0	0	AACCCT
chr3	53500000	0	0	AACCCT
chr3	54000000	0	0	AACCCT
chr3	54500000	0	0	AACCCT
chr3	55000000	0	0	AACCCT
chr3	55500000	0	0	AACCCT
chr3	56000000	0	0	AACCCT
chr3	56500000	0	0	AACCCT
chr3	57000000	0	0	AACCCT
chr3	57500000	0	0	AACCCT
chr3	58000000	0	0	AACCCT
chr3	58500000	0	0	AACCCT
chr3	59000000	0	0	AACCCT
chr3	59500000	0	0	AACCCT
chr3	60000000	0	0	AACCCT
chr3	60500000	0	0	AACCCT
chr3	61000000	0	0	AACCCT
chr3	61500000	0	0	AACCCT
chr3	62000000	0	0	AACCCT
chr3	62500000	0	0	AACCCT
chr3	63000000	0	0	AACCCT
chr3	63500000	0	0	AACCCT
chr3	64000000	0	0	AACCCT
chr3	64500000	0	0	AACCCT
chr3	65000000	0	0	AACCCT
chr3	65500000	0	0	AACCCT
chr3	66000000	0	0	AACCCT
chr3	66500000	0	0	AACCCT
chr3	67000000	0	0	AACCCT
chr3	67500000	0	0	AACCCT
chr3	68000000	0	0	AACCCT
chr3	68500000	0	0	AACCCT
chr3	69000000	0	0	AACCCT
chr3	69500000	0	0	AACCCT
chr3	70000000	0	0	AACCCT
chr3	70500000	0	0	AACCCT
chr3	71000000	0	0	AACCCT
chr3	71500000	0	0	AACCCT
chr3	72000000	0	0	AACCCT
chr3	72500000	0	0	AACCCT
chr3	73000000	0	0	AACCCT
chr3	73500000	0	0	AACCCT
chr3	74000000	0	0	AACCCT
chr3	74500000	0	0	AACCCT
chr3	75000000	0	0	AACCCT
chr3	75500000	0	0	AACCCT
chr3	76000000	0	0	AACCCT
chr3	76500000	0	0	AACCCT
chr3	77000000	0	0	AACCCT
chr3	77500000	0	0	AACCCT
chr3	78000000	0	0	AACCCT
chr3	78500000	0	0	AACCCT
chr3	79000000	0	0	AACCCT
chr3	79500000	0	0	AACCCT
chr3	80000000	0	0	AACCCT
chr3	80500000	0	0	AACCCT
chr3	81000000	0	0	AACCCT
chr3	81500000	0	0	AACCCT
chr3	82000000	0	0	AACCCT
chr3	82500000	0	0	AACCCT
chr3	83000000	0	0	AACCCT
chr3	83500000	0	0	AACCCT
chr3	84000000	0	0	AACCCT
chr3	84500000	0	0	AACCCT
chr3	85000000	0	0	AACCCT
chr3	85500000	0	0	AACCCT
chr3	86000000	0	0	AACCCT
chr3	86500000	0	0	AACCCT
chr3	87000000	0	0	AACCCT
chr3	87500000	0	0	AACCCT
chr3	88000000	0	0	AACCCT
chr3	88500000	0	0	AACCCT
chr3	89000000	0	0	AACCCT
chr3	89500000	0	0	AACCCT
chr3	90000000	0	0	AACCCT
chr3	90500000	0	0	AACCCT
chr3	91000000	0	0	AACCCT
chr3	91500000	0	0	AACCCT
chr3	92000000	0	0	AACCCT
chr3	92500000	0	0	AACCCT
chr3	93000000	0	0	AACCCT
chr3	93500000	0	0	AACCCT
chr3	94000000	0	0	AACCCT
chr3	94500000	0	0	AACCCT
chr3	95000000	0	0	AACCCT
chr3	95500000	0	0	AACCCT
chr3	96000000	0	0	AACCCT
chr3	96500000	0	0	AACCCT
chr3	97000000	0	0	AACCCT
chr3	97500000	0	0	AACCCT
chr3	98000000	0	0	AACCCT
chr3	98500000	0	0	AACCCT
chr3	99000000	0	0	AACCCT
chr3	99500000	0	0	AACCCT
chr3	100000000	0	0	AACCCT
chr3	100500000	0	0	AACCCT
chr3	101000000	0	0	AACCCT
chr3	101500000	0	0	AACCCT
chr3	102000000	0	0	AACCCT
chr3	102500000	0	0	AACCCT
chr3	103000000	0	0	AACCCT
chr3	103500000	0	0	AACCCT
chr3	104000000	0	0	AACCCT
chr3	104500000	0	0	AACCCT
chr3	105000000	0	0	AACCCT
chr3	105500000	0	0	AACCCT
chr3	106000000	0	0	AACCCT
chr3	106500000	0	0	AACCCT
chr3	107000000	0	0	AACCCT
chr3	107500000	0	0	AACCCT
chr3	108000000	0	0	AACCCT
chr3	108500000	0	0	AACCCT
chr3	109000000	0	0	AACCCT
chr3	109500000	0	0	AACCCT
chr3	110000000	0	0	AACCCT
chr3	110500000	0	0	AACCCT
chr3	111000000	0	0	AACCCT
chr3	111500000	0	0	AACCCT
chr3	112000000	0	0	AACCCT
chr3	112500000	0	0	AACCCT
chr3	113000000	402	0	AACCCT
chr4	500000	0	415	AACCCT
chr4	1000000	0	0	AACCCT
chr4	1500000	0	0	AACCCT
chr4	2000000	0	0	AACCCT
chr4	2500000	0	0	AACCCT
chr4	3000000	0	0	AACCCT
chr4	3500000	0	0	AACCCT
chr4	4000000	0	0	AACCCT
chr4	4500000	0	0	AACCCT
chr4	5000000	0	0	AACCCT
chr4	5500000	0	0	AACCCT
chr4	6000000	0	0	AACCCT
chr4	6500000	0	0	AACCCT
chr4	7000000	0	0	AACCCT
chr4	7500000	0	0	AACCCT
chr4	8000000	0	0	AACCCT
chr4	8500000	0	0	AACCCT
chr4	9000000	0	0	AACCCT
chr4	9500000	0	0	AACCCT
chr4	10000000	0	0	AACCCT
chr4	10500000	0	0	AACCCT
chr4	11000000	0	0	AACCCT
chr4	11500000	0	0	AACCCT
chr4	12000000	0	0	AACCCT
chr4	12500000	0	0	AACCCT
chr4	13000000	0	0	AACCCT
chr4	13500000	0	0	AACCCT
chr4	14000000	0	0	AACCCT
chr4	14500000	0	0	AACCCT
chr4	15000000	0	0	AACCCT
chr4	15500000	0	0	AACCCT
chr4	16000000	0	0	AACCCT
chr4	16500000	0	0	AACCCT
chr4	17000000	0	0	AACCCT
chr4	17500000	0	0	AACCCT
chr4	18000000	0	0	AACCCT
chr4	18500000	0	0	AACCCT
chr4	19000000	0	0	AACCCT
chr4	19500000	0	0	AACCCT
chr4	20000000	0	0	AACCCT
chr4	20500000	0	0	AACCCT
chr4	21000000	0	0	AACCCT
chr4	21500000	0	0	AACCCT
chr4	22000000	0	0	AACCCT
chr4	22500000	0	0	AACCCT
chr4	23000000	0	0	AACCCT
chr4	23500000	0	0	AACCCT
chr4	24000000	0	0	AACCCT
chr4	24500000	0	0	AACCCT
chr4	25000000	0	0	AACCCT
chr4	25500000	0	0	AACCCT
chr4	26000000	0	0	AACCCT
chr4	26500000	0	0	AACCCT
chr4	27000000	0	0	AACCCT
chr4	27500000	0	0	AACCCT
chr4	28000000	0	0	AACCCT
chr4	28500000	0	0	AACCCT
chr4	29000000	0	0	AACCCT
chr4	29500000	0	0	AACCCT
chr4	30000000	0	0	AACCCT
chr4	30500000	0	0	AACCCT
chr4	31000000	0	0	AACCCT
chr4	31500000	0	0	AACCCT
chr4	32000000	0	0	AACCCT
chr4	32500000	0	0	AACCCT
chr4	33000000	0	0	AACCCT
chr4	33500000	0	0	AACCCT
chr4	34000000	0	0	AACCCT
chr4	34500000	0	0	AACCCT
chr4	35000000	0	0	AACCCT
chr4	35500000	0	0	AACCCT
chr4	36000000	0	0	AACCCT
chr4	36500000	0	0	AACCCT
chr4	37000000	0	0	AACCCT
chr4	37500000	0	0	AACCCT
chr4	38000000	0	0	AACCCT
chr4	38500000	0	0	AACCCT
chr4	39000000	0	0	AACCCT
chr4	39500000	0	0	AACCCT
chr4	40000000	0	0	AACCCT
chr4	40500000	0	0	AACCCT
chr4	41000000	0	0	AACCCT
chr4	41500000	0	0	AACCCT
chr4	42000000	0	0	AACCCT
chr4	42500000	0	0	AACCCT
chr4	43000000	0	0	AACCCT
chr4	43500000	0	0	AACCCT
chr4	44000000	0	0	AACCCT
chr4	44500000	0	0	AACCCT
chr4	45000000	0	0	AACCCT
chr4	45500000	0	0	AACCCT
chr4	46000000	0	0	AACCCT
chr4	46500000	0	0	AACCCT
chr4	47000000	0	0	AACCCT
chr4	47500000	0	0	AACCCT
chr4	48000000	0	0	AACCCT
chr4	48500000	0	0	AACCCT
chr4	49000000	0	0	AACCCT
chr4	49500000	0	0	AACCCT
chr4	50000000	0	0	AACCCT
chr4	50500000	0	0	AACCCT
chr4	51000000	0	0	AACCCT
chr4	51500000	0	0	AACCCT
chr4	52000000	0	0	AACCCT
chr4	52500000	0	0	AACCCT
chr4	53000000	0	0	AACCCT
chr4	53500000	0	0	AACCCT
chr4	54000000	0	0	AACCCT
chr4	54500000	0	0	AACCCT
chr4	55000000	0	0	AACCCT
chr4	55500000	0	0	AACCCT
chr4	56000000	0	0	AACCCT
chr4	56500000	0	0	AACCCT
chr4	57000000	0	0	AACCCT
chr4	57500000	0	0	AACCCT
chr4	58000000	0	0	AACCCT
chr4	58500000	0	0	AACCCT
chr4	59000000	0	0	AACCCT
chr4	59500000	0	0	AACCCT
chr4	60000000	0	0	AACCCT
chr4	60500000	0	0	AACCCT
chr4	61000000	0	0	AACCCT
chr4	61500000	0	0	AACCCT
chr4	62000000	0	0	AACCCT
chr4	62500000	0	0	AACCCT
chr4	63000000	0	0	AACCCT
chr4	63500000	0	0	AACCCT
chr4	64000000	0	0	AACCCT
chr4	64500000	0	0	AACCCT
chr4	65000000	0	0	AACCCT
chr4	65500000	0	0	AACCCT
chr4	66000000	0	0	AACCCT
chr4	66500000	0	0	AACCCT
chr4	67000000	0	0	AACCCT
chr4	67500000	0	0	AACCCT
chr4	68000000	0	0	AACCCT
chr4	68500000	0	0	AACCCT
chr4	69000000	0	0	AACCCT
chr4	69500000	0	0	AACCCT
chr4	70000000	0	0	AACCCT
chr4	70500000	0	0	AACCCT
chr4	71000000	0	0	AACCCT
chr4	71500000	0	0	AACCCT
chr4	72000000	0	0	AACCCT
chr4	72500000	0	0	AACCCT
chr4	73000000	0	0	AACCCT
chr4	73500000	0	0	AACCCT
chr4	74000000	0	0	AACCCT
chr4	74500000	0	0	AACCCT
chr4	75000000	0	0	AACCCT
chr4	75500000	0	0	AACCCT
chr4	76000000	0	0	AACCCT
chr4	76500000	0	0	AACCCT
chr4	77000000	0	0	AACCCT
chr4	77500000	0	0	AACCCT
chr4	78000000	0	0	AACCCT
chr4	78500000	0	0	AACCCT
chr4	79000000	0	0	AACCCT
chr4	79500000	0	0	AACCCT
chr4	80000000	0	0	AACCCT
chr4	80500000	0	0	AACCCT
chr4	81000000	0	0	AACCCT
chr4	81500000	0	0	AACCCT
chr4	82000000	0	0	AACCCT
chr4	82500000	0	0	AACCCT
chr4	83000000	0	0	AACCCT
chr4	83500000	0	0	AACCCT
chr4	84000000	0	0	AACCCT
chr4	84500000	0	0	AACCCT
chr4	85000000	0	0	AACCCT
chr4	85500000	0	0	AACCCT
chr4	86000000	0	0	AACCCT
chr4	86500000	0	0	AACCCT
chr4	87000000	0	0	AACCCT
chr4	87500000	0	0	AACCCT
chr4	88000000	0	0	AACCCT
chr4	88500000	0	0	AACCCT
chr4	89000000	0	0	AACCCT
chr4	89500000	0	0	AACCCT
chr4	90000000	0	0	AACCCT
chr4	90500000	0	0	AACCCT
chr4	91000000	402	0	AACCCT
chr5	500000	0	415	AACCCT
chr5	1000000	0	0	AACCCT
chr5	1500000	0	0	AACCCT
chr5	2000000	0	0	AACCCT
chr5	2500000	0	0	AACCCT
chr5	3000000	0	0	AACCCT
chr5	3500000	0	0	AACCCT
chr5	4000000	0	0	AACCCT
chr5	4500000	0	0	AACCCT
chr5	5000000	0	0	AACCCT
chr5	5500000	0	0	AACCCT
chr5	6000000	0	0	AACCCT
chr5	6500000	0	0	AACCCT
chr5	7000000	0	0	AACCCT
chr5	7500000	0	0	AACCCT
chr5	8000000	0	0	AACCCT
chr5	8500000	0	0	AACCCT
chr5	9000000	0	0	AACCCT
chr5	9500000	0	0	AACCCT
chr5	10000000	0	0	AACCCT
chr5	10500000	0	0	AACCCT
chr5	11000000	0	0	AACCCT
chr5	11500000	0	0	AACCCT
chr5	12000000	0	0	AACCCT
chr5	12500000	0	0	AACCCT
chr5	13000000	0	0	AACCCT
chr5	13500000	0	0	AACCCT
chr5	14000000	0	0	AACCCT
chr5	14500000	0	0	AACCCT
chr5	15000000	0	0	AACCCT
chr5	15500000	0	0	AACCCT
chr5	16000000	0	0	AACCCT
chr5	16500000	0	0	AACCCT
chr5	17000000	0	0	AACCCT
chr5	17500000	0	0	AACCCT
chr5	18000000	0	0	AACCCT
chr5	18500000	0	0	AACCCT
chr5	19000000	0	0	AACCCT
chr5	19500000	0	0	AACCCT
chr5	20000000	0	0	AACCCT
chr5	20500000	0	0	AACCCT
chr5	21000000	0	0	AACCCT
chr5	21500000	0	0	AACCCT
chr5	22000000	0	0	AACCCT
chr5	22500000	0	0	AACCCT
chr5	23000000	0	0	AACCCT
chr5	23500000	0	0	AACCCT
chr5	24000000	0	0	AACCCT
chr5	24500000	0	0	AACCCT
chr5	25000000	0	0	AACCCT
chr5	25500000	0	0	AACCCT
chr5	26000000	0	0	AACCCT
chr5	26500000	0	0	AACCCT
chr5	27000000	0	0	AACCCT
chr5	27500000	0	0	AACCCT
chr5	28000000	0	0	AACCCT
chr5	28500000	0	0	AACCCT
chr5	29000000	0	0	AACCCT
chr5	29500000	0	0	AACCCT
chr5	30000000	0	0	AACCCT
chr5	30500000	0	0	AACCCT
chr5	31000000	0	0	AACCCT
chr5	31500000	0	0	AACCCT
chr5	32000000	0	0	AACCCT
chr5	32500000	0	0	AACCCT
chr5	33000000	0	0	AACCCT
chr5	33500000	0	0	AACCCT
chr5	34000000	0	0	AACCCT
chr5	34500000	0	0	AACCCT
chr5	35000000	0	0	AACCCT
chr5	35500000	0	0	AACCCT
chr5	36000000	0	0	AACCCT
chr5	36500000	0	0	AACCCT
chr5	37000000	0	0	AACCCT
chr5	37500000	0	0	AACCCT
chr5	38000000	0	0	AACCCT
chr5	38500000	0	0	AACCCT
chr5	39000000	0	0	AACCCT
chr5	39500000	0	0	AACCCT
chr5	40000000	0	0	AACCCT
chr5	40500000	0	0	AACCCT
chr5	41000000	0	0	AACCCT
chr5	41500000	0	0	AACCCT
chr5	42000000	0	0	AACCCT
chr5	42500000	0	0	AACCCT
chr5	43000000	0	0	AACCCT
chr5	43500000	0	0	AACCCT
chr5	44000000	0	0	AACCCT
chr5	44500000	0	0	AACCCT
chr5	45000000	0	0	AACCCT
chr5	45500000	0	0	AACCCT
chr5	46000000	0	0	AACCCT
chr5	46500000	0	0	AACCCT
chr5	47000000	0	0	AACCCT
chr5	47500000	0	0	AACCCT
chr5	48000000	0	0	AACCCT
chr5	48500000	0	0	AACCCT
chr5	49000000	0	0	AACCCT
chr5	49500000	0	0	AACCCT
chr5	50000000	0	0	AACCCT
chr5	50500000	0	0	AACCCT
chr5	51000000	0	0	AACCCT
chr5	51500000	0	0	AACCCT
chr5	52000000	0	0	AACCCT
chr5	52500000	0	0	AACCCT
chr5	53000000	0	0	AACCCT
chr5	53500000	0	0	AACCCT
chr5	54000000	0	0	AACCCT
chr5	54500000	0	0	AACCCT
chr5	55000000	0	0	AACCCT
chr5	55500000	0	0	AACCCT
chr5	56000000	0	0	AACCCT
chr5	56500000	0	0	AACCCT
chr5	57000000	0	0	AACCCT
chr5	57500000	0	0	AACCCT
chr5	58000000	0	0	AACCCT
chr5	58500000	0	0	AACCCT
chr5	59000000	0	0	AACCCT
chr5	59500000	0	0	AACCCT
chr5	60000000	0	0	AACCCT
chr5	60500000	0	0	AACCCT
chr5	61000000	0	0	AACCCT
chr5	61500000	0	0	AACCCT
chr5	62000000	0	0	AACCCT
chr5	62500000	0	0	AACCCT
chr5	63000000	0	0	AACCCT
chr5	63500000	0	0	AACCCT
chr5	64000000	0	0	AACCCT
chr5	64500000	0	0	AACCCT
chr5	65000000	0	0	AACCCT
chr5	65500000	0	0	AACCCT
chr5	66000000	0	0	AACCCT
chr5	66500000	0	0	AACCCT
chr5	67000000	0	0	AACCCT
chr5	67500000	0	0	AACCCT
chr5	68000000	0	0	AACCCT
chr5	68500000	0	0	AACCCT
chr5	69000000	0	0	AACCCT
chr5	69500000	0	0	AACCCT
chr5	70000000	0	0	AACCCT
chr5	70500000	0	0	AACCCT
chr5	71000000	402	0	AACCCT
chr6	500000	0	415	AACCCT
chr6	1000000	0	0	AACCCT
chr6	1500000	0	0	AACCCT
chr6	2000000	0	0	AACCCT
chr6	2500000	0	0	AACCCT
chr6	3000000	0	0	AACCCT
chr6	3500000	0	0	AACCCT
chr6	4000000	0	0	AACCCT
chr6	4500000	0	0	AACCCT
chr6	5000000	0	0	AACCCT
chr6	5500000	0	0	AACCCT
chr6	6000000	0	0	AACCCT
chr6	6500000	0	0	AACCCT
chr6	7000000	0	0	AACCCT
chr6	7500000	0	0	AACCCT
chr6	8000000	0	0	AACCCT
chr6	8500000	0	0	AACCCT
chr6	9000000	0	0	AACCCT
chr6	9500000	0	0	AACCCT
chr6	10000000	0	0	AACCCT
chr6	10500000	0	0	AACCCT
chr6	11000000	0	0	AACCCT
chr6	11500000	0	0	AACCCT
chr6	12000000	0	0	AACCCT
chr6	12500000	0	0	AACCCT
chr6	13000000	0	0	AACCCT
chr6	13500000	0	0	AACCCT
chr6	14000000	0	0	AACCCT
chr6	14500000	0	0	AACCCT
chr6	15000000	0	0	AACCCT
chr6	15500000	0	0	AACCCT
chr6	16000000	0	0	AACCCT
chr6	16500000	0	0	AACCCT
chr6	17000000	0	0	AACCCT
chr6	17500000	0	0	AACCCT
chr6	18000000	0	0	AACCCT
chr6	18500000	0	0	AACCCT
chr6	19000000	0	0	AACCCT
chr6	19500000	0	0	AACCCT
chr6	20000000	0	0	AACCCT
chr6	20500000	0	0	AACCCT
chr6	21000000	0	0	AACCCT
chr6	21500000	0	0	AACCCT
chr6	22000000	0	0	AACCCT
chr6	22500000	0	0	AACCCT
chr6	23000000	0	0	AACCCT
chr6	23500000	0	0	AACCCT
chr6	24000000	0	0	AACCCT
chr6	24500000	0	0	AACCCT
chr6	25000000	0	0	AACCCT
chr6	25500000	0	0	AACCCT
chr6	26000000	0	0	AACCCT
chr6	26500000	0	0	AACCCT
chr6	27000000	0	0	AACCCT
chr6	27500000	0	0	AACCCT
chr6	28000000	0	0	AACCCT
chr6	28500000	0	0	AACCCT
chr6	29000000	0	0	AACCCT
chr6	29500000	0	0	AACCCT
chr6	30000000	0	0	AACCCT
chr6	30500000	0	0	AACCCT
chr6	31000000	0	0	AACCCT
chr6	31500000	0	0	AACCCT
chr6	32000000	0	0	AACCCT
chr6	32500000	0	0	AACCCT
chr6	33000000	0	0	AACCCT
chr6	33500000	0	0	AACCCT
chr6	34000000	0	0	AACCCT
chr6	34500000	0	0	AACCCT
chr6	35000000	0	0	AACCCT
chr6	35500000	0	0	AACCCT
chr6	36000000	0	0	AACCCT
chr6	36500000	0	0	AACCCT
chr6	37000000	0	0	AACCCT
chr6	37500000	0	0	AACCCT
chr6	38000000	402	0	AACCCT
chr7	500000	0	415	AACCCT
chr7	1000000	0	0	AACCCT
chr7	1500000	0	0	AACCCT
chr7	2000000	0	0	AACCCT
chr7	2500000	0	0	AACCCT
chr7	3000000	0	0	AACCCT
chr7	3500000	0	0	AACCCT
chr7	4000000	0	0	AACCCT
chr7	4500000	0	0	AACCCT
chr7	5000000	0	0	AACCCT
chr7	5500000	0	0	AACCCT
chr7	6000000	0	0	AACCCT
chr7	6500000	0	0	AACCCT
chr7	7000000	0	0	AACCCT
chr7	7500000	0	0	AACCCT
chr7	8000000	0	0	AACCCT
chr7	8500000	0	0	AACCCT
chr7	9000000	0	0	AACCCT
chr7	9500000	0	0	AACCCT
chr7	10000000	0	0	AACCCT
chr7	10500000	0	0	AACCCT
chr7	11000000	0	0	AACCCT
chr7	11500000	0	0	AACCCT
chr7	12000000	0	0	AACCCT
chr7	12500000	0	0	AACCCT
chr7	13000000	0	0	AACCCT
chr7	13500000	0	0	AACCCT
chr7	14000000	0	0	AACCCT
chr7	14500000	0	0	AACCCT
chr7	15000000	0	0	AACCCT
chr7	15500000	0	0	AACCCT
chr7	16000000	0	0	AACCCT
chr7	16500000	0	0	AACCCT
chr7	17000000	0	0	AACCCT
chr7	17500000	0	0	AACCCT
chr7	18000000	0	0	AACCCT
chr7	18500000	0	0	AACCCT
chr7	19000000	0	0	AACCCT
chr7	19500000	0	0	AACCCT
chr7	20000000	0	0	AACCCT
chr7	20500000	0	0	AACCCT
chr7	21000000	0	0	AACCCT
chr7	21500000	0	0	AACCCT
chr7	22000000	0	0	AACCCT
chr7	22500000	0	0	AACCCT
chr7	23000000	0	0	AACCCT
chr7	23500000	0	0	AACCCT
chr7	24000000	0	0	AACCCT
chr7	24500000	0	0	AACCCT
chr7	25000000	0	0	AACCCT
chr7	25500000	0	0	AACCCT
chr7	26000000	0	0	AACCCT
chr7	26500000	0	0	AACCCT
chr7	27000000	0	0	AACCCT
chr7	27500000	0	0	AACCCT
chr7	28000000	0	0	AACCCT
chr7	28500000	0	0	AACCCT
chr7	29000000	0	0	AACCCT
chr7	29500000	0	0	AACCCT
chr7	30000000	0	0	AACCCT
chr7	30500000	0	0	AACCCT
chr7	31000000	0	0	AACCCT
chr7	31500000	0	0	AACCCT
chr7	32000000	0	0	AACCCT
chr7	32500000	0	0	AACCCT
chr7	33000000	0	0	AACCCT
chr7	33500000	0	0	AACCCT
chr7	34000000	0	0	AACCCT
chr7	34500000	0	0	AACCCT
chr7	35000000	0	0	AACCCT
chr7	35500000	0	0	AACCCT
chr7	36000000	0	0	AACCCT
chr7	36500000	0	0	AACCCT
chr7	37000000	402	0	AACCCT
chr8	500000	0	415	AACCCT
chr8	1000000	0	0	AACCCT
chr8	1500000	0	0	AACCCT
chr8	2000000	0	0	AACCCT
chr8	2500000	0	0	AACCCT
chr8	3000000	0	0	AACCCT
chr8	3500000	0	0	AACCCT
chr8	4000000	0	0	AACCCT
chr8	4500000	0	0	AACCCT
chr8	5000000	0	0	AACCCT
chr8	5500000	0	0	AACCCT
chr8	6000000	0	0	AACCCT
chr8	6500000	0	0	AACCCT
chr8	7000000	0	0	AACCCT
chr8	7500000	0	0	AACCCT
chr8	8000000	0	0	AACCCT
chr8	8500000	0	0	AACCCT
chr8	9000000	0	0	AACCCT
chr8	9500000	0	0	AACCCT
chr8	10000000	0	0	AACCCT
chr8	10500000	0	0	AACCCT
chr8	11000000	0	0	AACCCT
chr8	11500000	0	0	AACCCT
chr8	12000000	0	0	AACCCT
chr8	12500000	0	0	AACCCT
chr8	13000000	0	0	AACCCT
chr8	13500000	0	0	AACCCT
chr8	14000000	0	0	AACCCT
chr8	14500000	0	0	AACCCT
chr8	15000000	0	0	AACCCT
chr8	15500000	0	0	AACCCT
chr8	16000000	0	0	AACCCT
chr8	16500000	0	0	AACCCT
chr8	17000000	0	0	AACCCT
chr8	17500000	0	0	AACCCT
chr8	18000000	0	0	AACCCT
chr8	18500000	0	0	AACCCT
chr8	19000000	0	0	AACCCT
chr8	19500000	0	0	AACCCT
chr8	20000000	0	0	AACCCT
chr8	20500000	0	0	AACCCT
chr8	21000000	0	0	AACCCT
chr8	21500000	0	0	AACCCT
chr8	22000000	0	0	AACCCT
chr8	22500000	0	0	AACCCT
chr8	23000000	0	0	AACCCT
chr8	23500000	0	0	AACCCT
chr8	24000000	0	0	AACCCT
chr8	24500000	0	0	AACCCT
chr8	25000000	0	0	AACCCT
chr8	25500000	0	0	AACCCT
chr8	26000000	0	0	AACCCT
chr8	26500000	0	0	AACCCT
chr8	27000000	0	0	AACCCT
chr8	27500000	0	0	AACCCT
chr8	28000000	0	0	AACCCT
chr8	28500000	0	0	AACCCT
chr8	29000000	0	0	AACCCT
chr8	29500000	0	0	AACCCT
chr8	30000000	0	0	AACCCT
chr8	30500000	0	0	AACCCT
chr8	31000000	402	0	AACCCT
chr9	500000	0	415	AACCCT
chr9	1000000	0	0	AACCCT
chr9	1500000	0	0	AACCCT
chr9	2000000	0	0	AACCCT
chr9	2500000	0	0	AACCCT
chr9	3000000	0	0	AACCCT
chr9	3500000	0	0	AACCCT
chr9	4000000	0	0	AACCCT
chr9	4500000	0	0	AACCCT
chr9	5000000	0	0	AACCCT
chr9	5500000	0	0	AACCCT
chr9	6000000	0	0	AACCCT
chr9	6500000	0	0	AACCCT
chr9	7000000	0	0	AACCCT
chr9	7500000	0	0	AACCCT
chr9	8000000	0	0	AACCCT
chr9	8500000	0	0	AACCCT
chr9	9000000	0	0	AACCCT
chr9	9500000	0	0	AACCCT
chr9	10000000	0	0	AACCCT
chr9	10500000	0	0	AACCCT
chr9	11000000	0	0	AACCCT
chr9	11500000	0	0	AACCCT
chr9	12000000	0	0	AACCCT
chr9	12500000	0	0	AACCCT
chr9	13000000	0	0	AACCCT
chr9	13500000	0	0	AACCCT
chr9	14000000	0	0	AACCCT
chr9	14500000	0	0	AACCCT
chr9	15000000	0	0	AACCCT
chr9	15500000	0	0	AACCCT
chr9	16000000	0	0	AACCCT
chr9	16500000	0	0	AACCCT
chr9	17000000	0	0	AACCCT
chr9	17500000	0	0	AACCCT
chr9	18000000	0	0	AACCCT
chr9	18500000	0	0	AACCCT
chr9	19000000	0	0	AACCCT
chr9	19500000	0	0	AACCCT
chr9	20000000	0	0	AACCCT
chr9	20500000	0	0	AACCCT
chr9	21000000	0	0	AACCCT
chr9	21500000	0	0	AACCCT
chr9	22000000	0	0	AACCCT
chr9	22500000	0	0	AACCCT
chr9	23000000	0	0	AACCCT
chr9	23500000	0	0	AACCCT
chr9	24000000	0	0	AACCCT
chr9	24500000	0	0	AACCCT
chr9	25000000	0	0	AACCCT
chr9	25500000	0	0	AACCCT
chr9	26000000	0	0	AACCCT
chr9	26500000	0	0	AACCCT
chr9	27000000	0	0	AACCCT
chr9	27500000	0	0	AACCCT
chr9	28000000	402	0	AACCCT
chr10	500000	0	415	AACCCT
chr10	1000000	0	0	AACCCT
chr10	1500000	0	0	AACCCT
chr10	2000000	0	0	AACCCT
chr10	2500000	0	0	AACCCT
chr10	3000000	0	0	AACCCT
chr10	3500000	0	0	AACCCT
chr10	4000000	0	0	AACCCT
chr10	4500000	0	0	AACCCT
chr10	5000000	0	0	AACCCT
chr10	5500000	0	0	AACCCT
chr10	6000000	0	0	AACCCT
chr10	6500000	0	0	AACCCT
chr10	7000000	0	0	AACCCT
chr10	7500000	0	0	AACCCT
chr10	8000000	0	0	AACCCT
chr10	8500000	0	0	AACCCT
chr10	9000000	0	0	AACCCT
chr10	9500000	0	0	AACCCT
chr10	10000000	0	0	AACCCT
chr10	10500000	0	0	AACCCT
chr10	11000000	0	0	AACCCT
chr10	11500000	0	0	AACCCT
chr10	12000000	0	0	AACCCT
chr10	12500000	0	0	AACCCT
chr10	13000000	0	0	AACCCT
chr10	13500000	0	0	AACCCT
chr10	14000000	0	0	AACCCT
chr10	14500000	0	0	AACCCT
chr10	15000000	0	0	AACCCT
chr10	15500000	0	0	AACCCT
chr10	16000000	0	0	AACCCT
chr10	16500000	0	0	AACCCT
chr10	17000000	0	0	AACCCT
chr10	17500000	0	0	AACCCT
chr10	18000000	0	0	AACCCT
chr10	18500000	0	0	AACCCT
chr10	19000000	0	0	AACCCT
chr10	19500000	0	0	AACCCT
chr10	20000000	0	0	AACCCT
chr10	20500000	0	0	AACCCT
chr10	21000000	0	0	AACCCT
chr10	21500000	0	0	AACCCT
chr10	22000000	0	0	AACCCT
chr10	22500000	0	0	AACCCT
chr10	23000000	0	0	AACCCT
chr10	23500000	0	0	AACCCT
chr10	24000000	0	0	AACCCT
chr10	24500000	0	0	AACCCT
chr10	25000000	402	0	AACCCT
chr11	500000	0	415	AACCCT
chr11	1000000	0	0	AACCCT
chr11	1500000	0	0	AACCCT
chr11	2000000	0	0	AACCCT
chr11	2500000	0	0	AACCCT
chr11	3000000	0	0	AACCCT
chr11	3500000	0	0	AACCCT
chr11	4000000	0	0	AACCCT
chr11	4500000	0	0	AACCCT
chr11	5000000	0	0	AACCCT
chr11	5500000	0	0	AACCCT
chr11	6000000	0	0	AACCCT
chr11	6500000	0	0	AACCCT
chr11	7000000	0	0	AACCCT
chr11	7500000	0	0	AACCCT
chr11	8000000	0	0	AACCCT
chr11	8500000	0	0	AACCCT
chr11	9000000	0	0	AACCCT
chr11	9500000	0	0	AACCCT
chr11	10000000	0	0	AACCCT
chr11	10500000	0	0	AACCCT
chr11	11000000	0	0	AACCCT
chr11	11500000	0	0	AACCCT
chr11	12000000	0	0	AACCCT
chr11	12500000	0	0	AACCCT
chr11	13000000	0	0	AACCCT
chr11	13500000	0	0	AACCCT
chr11	14000000	0	0	AACCCT
chr11	14500000	0	0	AACCCT
chr11	15000000	0	0	AACCCT
chr11	15500000	0	0	AACCCT
chr11	16000000	0	0	AACCCT
chr11	16500000	0	0	AACCCT
chr11	17000000	0	0	AACCCT
chr11	17500000	0	0	AACCCT
chr11	18000000	0	0	AACCCT
chr11	18500000	0	0	AACCCT
chr11	19000000	0	0	AACCCT
chr11	19500000	0	0	AACCCT
chr11	20000000	0	0	AACCCT
chr11	20500000	0	0	AACCCT
chr11	21000000	0	0	AACCCT
chr11	21500000	0	0	AACCCT
chr11	22000000	402	0	AACCCT
chr12	500000	0	415	AACCCT
chr12	1000000	0	0	AACCCT
chr12	1500000	0	0	AACCCT
chr12	2000000	0	0	AACCCT
chr12	2500000	0	0	AACCCT
chr12	3000000	0	0	AACCCT
chr12	3500000	0	0	AACCCT
chr12	4000000	0	0	AACCCT
chr12	4500000	0	0	AACCCT
chr12	5000000	0	0	AACCCT
chr12	5500000	0	0	AACCCT
chr12	6000000	0	0	AACCCT
chr12	6500000	0	0	AACCCT
chr12	7000000	0	0	AACCCT
chr12	7500000	0	0	AACCCT
chr12	8000000	0	0	AACCCT
chr12	8500000	0	0	AACCCT
chr12	9000000	0	0	AACCCT
chr12	9500000	0	0	AACCCT
chr12	10000000	0	0	AACCCT
chr12	10500000	0	0	AACCCT
chr12	11000000	0	0	AACCCT
chr12	11500000	0	0	AACCCT
chr12	12000000	0	0	AACCCT
chr12	12500000	0	0	AACCCT
chr12	13000000	0	0	AACCCT
chr12	13500000	0	0	AACCCT
chr12	14000000	0	0	AACCCT
chr12	14500000	0	0	AACCCT
chr12	15000000	0	0	AACCCT
chr12	15500000	0	0	AACCCT
chr12	16000000	0	0	AACCCT
chr12	16500000	0	0	AACCCT
chr12	17000000	0	0	AACCCT
chr12	17500000	0	0	AACCCT
chr12	18000000	0	0	AACCCT
chr12	18500000	0	0	AACCCT
chr12	19000000	0	0	AACCCT
chr12	19500000	0	0	AACCCT
chr12	20000000	0	0	AACCCT
chr12	20500000	0	0	AACCCT
chr12	21000000	402	0	AACCCT
chr13	500000	0	415	AACCCT
chr13	1000000	0	0	AACCCT
chr13	1500000	0	0	AACCCT
chr13	2000000	0	0	AACCCT
chr13	2500000	0	0	AACCCT
chr13	3000000	0	0	AACCCT
chr13	3500000	0	0	AACCCT
chr13	4000000	0	0	AACCCT
chr13	4500000	0	0	AACCCT
chr13	5000000	0	0	AACCCT
chr13	5500000	0	0	AACCCT
chr13	6000000	0	0	AACCCT
chr13	6500000	0	0	AACCCT
chr13	7000000	0	0	AACCCT
chr13	7500000	0	0	AACCCT
chr13	8000000	0	0	AACCCT
chr13	8500000	0	0	AACCCT
chr13	9000000	0	0	AACCCT
chr13	9500000	0	0	AACCCT
chr13	10000000	0	0	AACCCT
chr13	10500000	0	0	AACCCT
chr13	11000000	0	0	AACCCT
chr13	11500000	0	0	AACCCT
chr13	12000000	0	0	AACCCT
chr13	12500000	0	0	AACCCT
chr13	13000000	0	0	AACCCT
chr13	13500000	0	0	AACCCT
chr13	14000000	0	0	AACCCT
chr13	14500000	0	0	AACCCT
chr13	15000000	0	0	AACCCT
chr13	15500000	0	0	AACCCT
chr13	16000000	0	0	AACCCT
chr13	16500000	0	0	AACCCT
chr13	17000000	0	0	AACCCT
chr13	17500000	0	0	AACCCT
chr13	18000000	0	0	AACCCT
chr13	18500000	0	0	AACCCT
chr13	19000000	0	0	AACCCT
chr13	19500000	0	0	AACCCT
chr13	20000000	402	0	AACCCT
chr14	500000	0	415	AACCCT
chr14	1000000	0	0	AACCCT
chr14	1500000	0	0	AACCCT
chr14	2000000	0	0	AACCCT
chr14	2500000	0	0	AACCCT
chr14	3000000	0	0	AACCCT
chr14	3500000	0	0	AACCCT
chr14	4000000	0	0	AACCCT
chr14	4500000	0	0	AACCCT
chr14	5000000	0	0	AACCCT
chr14	5500000	0	0	AACCCT
chr14	6000000	0	0	AACCCT
chr14	6500000	0	0	AACCCT
chr14	7000000	0	0	AACCCT
chr14	7500000	0	0	AACCCT
chr14	8000000	0	0	AACCCT
chr14	8500000	0	0	AACCCT
chr14	9000000	0	0	AACCCT
chr14	9500000	0	0	AACCCT
chr14	10000000	0	0	AACCCT
chr14	10500000	0	0	AACCCT
chr14	11000000	0	0	AACCCT
chr14	11500000	0	0	AACCCT
chr14	12000000	0	0	AACCCT
chr14	12500000	0	0	AACCCT
chr14	13000000	0	0	AACCCT
chr14	13500000	0	0	AACCCT
chr14	14000000	0	0	AACCCT
chr14	14500000	0	0	AACCCT
chr14	15000000	0	0	AACCCT
chr14	15500000	0	0	AACCCT
chr14	16000000	0	0	AACCCT
chr14	16500000	0	0	AACCCT
chr14	17000000	0	0	AACCCT
chr14	17500000	0	0	AACCCT
chr14	18000000	0	0	AACCCT
chr14	18500000	0	0	AACCCT
chr14	19000000	402	0	AACCCT
chr15	500000	0	415	AACCCT
chr15	1000000	0	0	AACCCT
chr15	1500000	0	0	AACCCT
chr15	2000000	0	0	AACCCT
chr15	2500000	0	0	AACCCT
chr15	3000000	0	0	AACCCT
chr15	3500000	0	0	AACCCT
chr15	4000000	0	0	AACCCT
chr15	4500000	0	0	AACCCT
chr15	5000000	0	0	AACCCT
chr15	5500000	0	0	AACCCT
chr15	6000000	0	0	AACCCT
chr15	6500000	0	0	AACCCT
chr15	7000000	0	0	AACCCT
chr15	7500000	0	0	AACCCT
chr15	8000000	0	0	AACCCT
chr15	8500000	0	0	AACCCT
chr15	9000000	0	0	AACCCT
chr15	9500000	0	0	AACCCT
chr15	10000000	0	0	AACCCT
chr15	10500000	0	0	AACCCT
chr15	11000000	0	0	AACCCT
chr15	11500000	0	0	AACCCT
chr15	12000000	0	0	AACCCT
chr15	12500000	0	0	AACCCT
chr15	13000000	0	0	AACCCT
chr15	13500000	0	0	AACCCT
chr15	14000000	0	0	AACCCT
chr15	14500000	0	0	AACCCT
chr15	15000000	0	0	AACCCT
chr15	15500000	0	0	AACCCT
chr15	16000000	0	0	AACCCT
chr15	16500000	0	0	AACCCT
chr15	17000000	0	0	AACCCT
chr15	17500000	0	0	AACCCT
chr15	18000000	402	0	AACCCT
chr16	500000	0	415	AACCCT
chr16	1000000	0	0	AACCCT
chr16	1500000	0	0	AACCCT
chr16	2000000	0	0	AACCCT
chr16	2500000	0	0	AACCCT
chr16	3000000	0	0	AACCCT
chr16	3500000	0	0	AACCCT
chr16	4000000	0	0	AACCCT
chr16	4500000	0	0	AACCCT
chr16	5000000	0	0	AACCCT
chr16	5500000	0	0	AACCCT
chr16	6000000	0	0	AACCCT
chr16	6500000	0	0	AACCCT
chr16	7000000	0	0	AACCCT
chr16	7500000	0	0	AACCCT
chr16	8000000	0	0	AACCCT
chr16	8500000	0	0	AACCCT
chr16	9000000	0	0	AACCCT
chr16	9500000	0	0	AACCCT
chr16	10000000	0	0	AACCCT
chr16	10500000	0	0	AACCCT
chr16	11000000	0	0	AACCCT
chr16	11500000	0	0	AACCCT
chr16	12000000	0	0	AACCCT
chr16	12500000	0	0	AACCCT
chr16	13000000	0	0	AACCCT
chr16	13500000	0	0	AACCCT
chr16	14000000	0	0	AACCCT
chr16	14500000	0	0	AACCCT
chr16	15000000	402	0	AACCCT
chr17	500000	0	415	AACCCT
chr17	1000000	0	0	AACCCT
chr17	1500000	0	0	AACCCT
chr17	2000000	0	0	AACCCT
chr17	2500000	0	0	AACCCT
chr17	3000000	0	0	AACCCT
chr17	3500000	0	0	AACCCT
chr17	4000000	0	0	AACCCT
chr17	4500000	0	0	AACCCT
chr17	5000000	0	0	AACCCT
chr17	5500000	0	0	AACCCT
chr17	6000000	0	0	AACCCT
chr17	6500000	0	0	AACCCT
chr17	7000000	0	0	AACCCT
chr17	7500000	0	0	AACCCT
chr17	8000000	0	0	AACCCT
chr17	8500000	0	0	AACCCT
chr17	9000000	0	0	AACCCT
chr17	9500000	0	0	AACCCT
chr17	10000000	0	0	AACCCT
chr17	10500000	0	0	AACCCT
chr17	11000000	0	0	AACCCT
chr17	11500000	0	0	AACCCT
chr17	12000000	0	0	AACCCT
chr17	12500000	0	0	AACCCT
chr17	13000000	0	0	AACCCT
chr17	13500000	0	0	AACCCT
chr17	14000000	402	0	AACCCT
chr18	500000	0	415	AACCCT
chr18	1000000	0	0	AACCCT
chr18	1500000	0	0	AACCCT
chr18	2000000	0	0	AACCCT
chr18	2500000	0	0	AACCCT
chr18	3000000	0	0	AACCCT
chr18	3500000	0	0	AACCCT
chr18	4000000	0	0	AACCCT
chr18	4500000	0	0	AACCCT
chr18	5000000	0	0	AACCCT
chr18	5500000	0	0	AACCCT
chr18	6000000	0	0	AACCCT
chr18	6500000	0	0	AACCCT
chr18	7000000	0	0	AACCCT
chr18	7500000	0	0	AACCCT
chr18	8000000	0	0	AACCCT
chr18	8500000	0	0	AACCCT
chr18	9000000	0	0	AACCCT
chr18	9500000	0	0	AACCCT
chr18	10000000	0	0	AACCCT
chr18	10500000	0	0	AACCCT
chr18	11000000	0	0	AACCCT
chr18	11500000	0	0	AACCCT
chr18	12000000	0	0	AACCCT
chr18	12500000	0	0	AACCCT
chr18	13000000	0	0	AACCCT
chr19	500000	0	415	AACCCT
chr19	1000000	0	0	AACCCT
chr19	1500000	0	0	AACCCT
chr19	2000000	0	0	AACCCT
chr19	2500000	0	0	AACCCT
chr19	3000000	0	0	AACCCT
chr19	3500000	0	0	AACCCT
chr19	4000000	0	0	AACCCT
chr19	4500000	0	0	AACCCT
chr19	5000000	0	0	AACCCT
chr19	5500000	0	0	AACCCT
chr19	6000000	0	0	AACCCT
chr19	6500000	0	0	AACCCT
chr19	7000000	0	0	AACCCT
chr19	7500000	0	0	AACCCT
chr19	8000000	0	0	AACCCT
chr19	8500000	0	0	AACCCT
chr19	9000000	0	0	AACCCT
chr19	9500000	0	0	AACCCT
chr19	10000000	0	0	AACCCT
chr19	10500000	0	0	AACCCT
chr19	11000000	0	0	AACCCT
chr19	11500000	0	0	AACCCT
chr19	12000000	0	0	AACCCT
chr20	500000	0	0	AACCCT
chr20	1000000	0	0	AACCCT
chr20	1500000	0	0	AACCCT
chr20	2000000	0	0	AACCCT
chr20	2500000	0	0	AACCCT
chr20	3000000	0	0	AACCCT
chr20	3500000	0	0	AACCCT
chr20	4000000	0	0	AACCCT
chr20	4500000	0	0	AACCCT
chr20	5000000	0	0	AACCCT
chr20	5500000	0	0	AACCCT
chr20	6000000	0	0	AACCCT
chr20	6500000	0	0	AACCCT
chr20	7000000	0	0	AACCCT
chr20	7500000	0	0	AACCCT
chr20	8000000	0	0	AACCCT
chr20	8500000	0	0	AACCCT
chr20	9000000	0	0	AACCCT
chr20	9500000	0	0	AACCCT
chr20	10000000	0	0	AACCCT
chr20	10500000	0	0	AACCCT
chr20	11000000	402	0	AACCCT
chr21	500000	0	415	AACCCT
chr21	1000000	0	0	AACCCT
chr21	1500000	0	0	AACCCT
chr21	2000000	0	0	AACCCT
chr21	2500000	0	0	AACCCT
chr21	3000000	0	0	AACCCT
chr21	3500000	0	0	AACCCT
chr21	4000000	0	0	AACCCT
chr21	4500000	0	0	AACCCT
chr21	5000000	0	0	AACCCT
chr21	5500000	0	0	AACCCT
chr21	6000000	0	0	AACCCT
chr21	6500000	0	0	AACCCT
chr21	7000000	0	0	AACCCT
chr21	7500000	0	0	AACCCT
chr21	8000000	0	0	AACCCT
chr22	500000	0	0	AACCCT
chr22	1000000	0	0	AACCCT
chr22	1500000	0	0	AACCCT
chr22	2000000	0	0	AACCCT
chr22	2500000	0	0	AACCCT
chr22	3000000	0	0	AACCCT
chr22	3500000	0	0	AACCCT
chr22	4000000	0	0	AACCCT
chr22	4500000	0	0	AACCCT
chr22	5000000	0	0	AACCCT
chr22	5500000	0	0	AACCCT
chr22	6000000	0	0	AACCCT
chr23	500000	0	415	AACCCT
chr23	1000000	0	0	AACCCT
chr23	1500000	0	0	AACCCT
chr23	2000000	0	0	AACCCT
chr23	2500000	0	0	AACCCT
chr23	3000000	0	0	AACCCT
chr23	3500000	0	0	AACCCT
chr23	4000000	0	0	AACCCT
chr23	4500000	0	0	AACCCT
chr23	5000000	402	0	AACCCT
chr24	500000	0	0	AACCCT
chr24	1000000	0	0	AACCCT
chr24	1500000	0	0	AACCCT
chr24	2000000	0	0	AACCCT
chr24	2500000	0	0	AACCCT
chr24	3000000	0	0	AACCCT
chr25	500000	0	415	AACCCT
chr25	1000000	0	0	AACCCT
chr25	1500000	0	0	AACCCT
chr25	2000000	402	0	AACCCT
